{"ا": {"Precision": 1.0, "Recall": 0.9479166666666666, "F1": 0.9732620320855615}, "ب": {"Precision": 0.8055555555555556, "Recall": 0.90625, "F1": 0.8529411764705882}, "ت": {"Precision": 0.7373737373737373, "Recall": 0.7604166666666666, "F1": 0.7487179487179487}, "ث": {"Precision": 0.7604166666666666, "Recall": 0.7604166666666666, "F1": 0.7604166666666666}, "ج": {"Precision": 0.971830985915493, "Recall": 0.71875, "F1": 0.8263473053892216}, "ح": {"Precision": 0.8640776699029126, "Recall": 0.9270833333333334, "F1": 0.8944723618090452}, "خ": {"Precision": 0.9263157894736842, "Recall": 0.9166666666666666, "F1": 0.9214659685863874}, "د": {"Precision": 0.8942307692307693, "Recall": 0.96875, "F1": 0.93}, "ذ": {"Precision": 0.9368421052631579, "Recall": 0.9270833333333334, "F1": 0.9319371727748692}, "ر": {"Precision": 0.93, "Recall": 0.96875, "F1": 0.9489795918367346}, "ز": {"Precision": 0.9891304347826086, "Recall": 0.9479166666666666, "F1": 0.9680851063829786}, "س": {"Precision": 0.85, "Recall": 0.8854166666666666, "F1": 0.8673469387755102}, "ش": {"Precision": 0.956989247311828, "Recall": 0.9270833333333334, "F1": 0.9417989417989417}, "ص": {"Precision": 0.8105263157894737, "Recall": 0.8020833333333334, "F1": 0.806282722513089}, "ض": {"Precision": 0.946236559139785, "Recall": 0.9166666666666666, "F1": 0.9312169312169313}, "ط": {"Precision": 0.9775280898876404, "Recall": 0.90625, "F1": 0.9405405405405405}, "ظ": {"Precision": 0.9108910891089109, "Recall": 0.9583333333333334, "F1": 0.934010152284264}, "ع": {"Precision": 0.7924528301886793, "Recall": 0.875, "F1": 0.8316831683168316}, "غ": {"Precision": 0.7435897435897436, "Recall": 0.90625, "F1": 0.8169014084507042}, "ف": {"Precision": 0.7560975609756098, "Recall": 0.6458333333333334, "F1": 0.6966292134831461}, "ق": {"Precision": 0.7934782608695652, "Recall": 0.7604166666666666, "F1": 0.7765957446808509}, "ك": {"Precision": 0.9777777777777777, "Recall": 0.9166666666666666, "F1": 0.946236559139785}, "ل": {"Precision": 0.8529411764705882, "Recall": 0.90625, "F1": 0.8787878787878787}, "لا": {"Precision": 0.979381443298969, "Recall": 0.9895833333333334, "F1": 0.9844559585492227}, "م": {"Precision": 0.8736842105263158, "Recall": 0.8645833333333334, "F1": 0.8691099476439791}, "ن": {"Precision": 0.8395061728395061, "Recall": 0.7083333333333334, "F1": 0.768361581920904}, "ه": {"Precision": 0.7889908256880734, "Recall": 0.8958333333333334, "F1": 0.8390243902439025}, "و": {"Precision": 0.9894736842105263, "Recall": 0.9791666666666666, "F1": 0.9842931937172775}, "ي": {"Precision": 0.9139784946236559, "Recall": 0.8854166666666666, "F1": 0.8994708994708994}}